Kullanici_ID,Platform,Takipci_Sayisi,Gonderi_Sayisi,Begeni_Ortalamasi,Aktif_Mi,Etkilesim_Orani
1001,Instagram,122458,4668,6381,Hayır,0.0521
1002,Instagram,147367,1909,8621,Hayır,0.0585
1003,Twitter,132432,1277,7258,Hayır,0.0548
1004,TikTok,366338,1538,5326,Hayır,0.0145
1005,TikTok,259678,3212,18496,Evet,0.0712
1006,TikTok,120379,3566,16498,Hayır,0.1371
1007,Instagram,110768,3900,16266,Hayır,0.1468
1008,Instagram,208392,656,8056,Evet,0.0387
1009,YouTube,55386,2898,2618,Hayır,0.0473
1010,Instagram,137837,2445,2077,Evet,0.0151
1011,Instagram,476102,610,2745,Evet,0.0058
1012,Instagram,430910,2373,15472,Evet,0.0359
1013,TikTok,87998,2071,5308,Evet,0.0603
1014,TikTok,375371,251,6786,Hayır,0.0181
1015,Instagram,388968,2051,441,Hayır,0.0011
1016,TikTok,175703,2834,14036,Hayır,0.0799
1017,YouTube,191835,2622,12716,Evet,0.0663
1018,TikTok,278667,1373,5942,Hayır,0.0213
1019,YouTube,41590,1488,3611,Evet,0.0868
1020,Twitter,329865,2566,6234,Evet,0.0189
1021,Instagram,65320,785,19533,Evet,0.299
1022,TikTok,263413,4024,8442,Hayır,0.032
1023,YouTube,322379,44,13117,Hayır,0.0407
1024,Twitter,194527,3162,15315,Hayır,0.0787
1025,Twitter,327569,1965,19538,Evet,0.0596
1026,TikTok,253209,1595,2504,Evet,0.0099
1027,TikTok,199541,3953,11887,Hayır,0.0596
1028,Twitter,267955,3083,14089,Evet,0.0526
1029,Instagram,103855,1031,19165,Hayır,0.1845
1030,Instagram,236296,3471,11015,Hayır,0.0466
1031,YouTube,214676,2623,9812,Hayır,0.0457
1032,Instagram,185279,3853,5106,Evet,0.0276
1033,Twitter,347949,1510,14998,Hayır,0.0431
1034,Twitter,422409,4808,8160,Evet,0.0193
1035,Twitter,465648,171,13823,Evet,0.0297
1036,Instagram,259295,4307,17462,Hayır,0.0673
1037,YouTube,486732,1991,552,Hayır,0.0011
1038,Instagram,393252,1005,6960,Hayır,0.0177
1039,YouTube,157230,4921,12735,Hayır,0.081
1040,Instagram,347122,3352,256,Evet,0.0007
1041,Twitter,385181,4561,17918,Evet,0.0465
1042,Twitter,150003,3808,15984,Hayır,0.1066
1043,TikTok,131023,1285,17297,Evet,0.132
1044,Instagram,3247,1026,1623,Evet,0.4998
1045,Instagram,124355,347,8805,Evet,0.0708
1046,TikTok,452866,888,12433,Evet,0.0275
1047,Twitter,66225,1086,18191,Evet,0.2747
1048,Instagram,130481,4897,14870,Hayır,0.114
1049,TikTok,85154,4003,7624,Evet,0.0895
1050,Instagram,429489,4869,6424,Hayır,0.015
